{
    "Raspberry Pi": "https://www.raspberrypi.org/",
    "Processing IDE": "https://processing.org/",
    "DMX": "https://en.wikipedia.org/wiki/DMX512",
    "Arduino": "https://www.arduino.cc/",
    "Fusion 360": "https://www.autodesk.com/products/fusion-360/overview",
    "Python": "https://www.python.org/",
    "Teensy": "https://www.pjrc.com/teensy/",
    "WS2812b": "https://cdn-shop.adafruit.com/datasheets/WS2812B.pdf",
    "MIDI": "https://en.wikipedia.org/wiki/MIDI",
    "Open Sound Control": "https://opensoundcontrol.stanford.edu/",
    "ArtNet": "https://art-net.org.uk/"
}